
        {
            "userName":"asark5",
            "password":"qwerty",
            "id":100099,
            "sessionId":"",
            "admin":true
        }
        {
            "userName":"patni6",
            "password":"qwerty",
            "id":100098,
            "sessionId":"",
            "admin":true
        }
        {
            "userName":"rana11",
            "password":"qwerty",
            "id":100097,
            "sessionId":"",
            "admin":true
        }
        {
            "userName":"adhar7",
            "password":"qwerty",
            "id":100096,
            "sessionId":"",
            "admin":true
        }
        {
            "userName":"vispoo21",
            "password":"12345",
            "id":100028,
            "sessionId":"",
            "admin":false
        }
        {
            "userName":"adisin23",
            "password":"12345",
            "id":100015,
            "sessionId":"",
            "admin":false
        }
        {
            "userName":"adisin37",
            "password":"12345",
            "id":100016,
            "sessionId":"",
            "admin":false
        }
        {
            "userName":"amabak51",
            "password":"12345",
            "id":100017,
            "sessionId":"",
            "admin":false
        }
        {
            "userName":"ashbha13",
            "password":"12345",
            "id":100018,
            "sessionId":"",
            "admin":false
        }
        {
            "userName":"aswdur17",
            "password":"12345",
            "id":100019,
            "sessionId":"",
            "admin":false
        }
        {
            "userName":"bhakap01",
            "password":"12345",
            "id":100020,
            "sessionId":"",
            "admin":false
        }
        {
            "userName":"gokdee78",
            "password":"12345",
            "id":100021,
            "sessionId":"",
            "admin":false
        }
    
